City,Average_AQI,Maximum_PM10
Bangalore,279.54371584699453,516
Chennai,274.3142076502732,535
Delhi,279.1530054644809,548
Hyderabad,280.3551912568306,542
Kolkata,265.9016393442623,538
Mumbai,287.7978142076503,530
Pune,276.379781420765,559
